method,interval,coverage
ecoevolity,ci,0.6733668341708543
ecoevolity,hpd,0.6532663316582915
starbeast,ci,0.6733668341708543
starbeast,hpd,0.6532663316582915
